guid,name,source_guid,source_type,target_guid,target_type,creation_timestamp,creation_source
2286b714-e670-eb5b-6ea0-53ccb5069473,hedgehog_library_depends_on_data_warehouse_service,e0031b98-6d84-b242-5741-cfcdf8a33e97,component,090a9ce6-ee1b-a49e-293b-1795dd6ca1c7,component,2025-04-23T20:16:30.341623,posthog/posthog_fork/README.md
0245e97e-e48d-a309-37cd-786afdc4c4b4,query_editor_depends_on_plugin_server_public_api,0531b44a-d3e8-f5c3-9b31-f2c89e4d05bb,component,20d89e4a-bbaf-1443-3b6e-d25c4542b459,component,2025-04-23T20:16:30.341631,posthog/posthog_fork/README.md
15f74002-ab82-d663-cf76-1b4debb33ca0,hedgehog_library_depends_on_materialized_columns_service,e0031b98-6d84-b242-5741-cfcdf8a33e97,component,e1bdfb22-f0a8-fa9c-ea85-644aacf025d3,component,2025-04-23T20:16:30.341639,posthog/posthog_fork/README.md
05077992-9b49-a2f6-d147-d30021a6d783,async_migration_service_depends_on_query_editor,2d975ee6-a46d-00a4-6aef-61f4b4e4a11a,component,0531b44a-d3e8-f5c3-9b31-f2c89e4d05bb,component,2025-04-23T20:16:30.341647,posthog/posthog_fork/README.md
9402dc7b-4bd6-703c-4157-1490e01e5279,query_editor_depends_on_materialized_columns_service,0531b44a-d3e8-f5c3-9b31-f2c89e4d05bb,component,e1bdfb22-f0a8-fa9c-ea85-644aacf025d3,component,2025-04-23T20:16:30.341655,posthog/posthog_fork/README.md
fccb3149-c12b-bc59-32b0-83580bf4533d,chart_library_depends_on_hogql_service,dbbe55b7-b7f2-a442-fea3-c1c22026a855,component,b2b7a571-6084-c563-ba64-cb3d22c1dd6f,component,2025-04-23T20:16:30.341662,posthog/posthog_fork/README.md
71e6005c-1fb1-c445-34dc-15fbc8bac4ba,batch_exports_service_depends_on_kea_store,6a2a617c-026c-7041-f405-2dd216dff2f5,component,b3d3d1a2-5bff-4e5e-1fd2-42226383c5d0,component,2025-04-23T20:16:30.341670,posthog/posthog_fork/README.md
b8cfe3c4-a734-79cc-3d46-b69610f89259,query_builder_service_depends_on_async_migration_service,1f7987d0-b56e-7b30-81df-7e421e2d2be2,component,2d975ee6-a46d-00a4-6aef-61f4b4e4a11a,component,2025-04-23T20:16:30.341677,posthog/posthog_fork/README.md
eb306237-c283-730d-66af-03d3f9762e7c,batch_exports_service_depends_on_materialized_columns_service,6a2a617c-026c-7041-f405-2dd216dff2f5,component,e1bdfb22-f0a8-fa9c-ea85-644aacf025d3,component,2025-04-23T20:16:30.341685,posthog/posthog_fork/README.md
15bb6644-ca30-e494-9695-d1a378ef95e8,batch_exports_service_depends_on_hedgehog_library,6a2a617c-026c-7041-f405-2dd216dff2f5,component,e0031b98-6d84-b242-5741-cfcdf8a33e97,component,2025-04-23T20:16:30.341693,posthog/posthog_fork/README.md
fccb3149-c12b-bc59-32b0-83580bf4533d,chart_library_depends_on_hogql_service,dbbe55b7-b7f2-a442-fea3-c1c22026a855,component,b2b7a571-6084-c563-ba64-cb3d22c1dd6f,component,2025-04-23T20:16:30.341700,posthog/posthog_fork/README.md
8172a848-d8d3-7a3e-24b3-8bbc99ad28c0,notebook_components_depends_on_data_warehouse_service,9fa09542-12cc-cd21-a475-811c74c89038,component,090a9ce6-ee1b-a49e-293b-1795dd6ca1c7,component,2025-04-23T20:16:30.341708,posthog/posthog_fork/README.md
c3a35dc0-dfc4-3269-7cef-b58d4222ae28,event_pipeline_depends_on_prometheus_metrics_service,03ed05f4-ea70-60cf-04b6-1e444557b6b3,component,f5b2caae-6ba2-8ac0-6d0b-25a3e114d417,component,2025-04-23T20:16:30.341715,posthog/posthog_fork/README.md
55abeb62-15ee-a3dc-bfde-8f34b36a9dcf,chart_library_depends_on_query_builder_service,dbbe55b7-b7f2-a442-fea3-c1c22026a855,component,1f7987d0-b56e-7b30-81df-7e421e2d2be2,component,2025-04-23T20:16:30.341723,posthog/posthog_fork/README.md
dd587524-5b3f-0b6d-fad8-6ebc97b85f3d,plugin_vm_depends_on_event_pipeline,2f890722-8a97-b54c-0a99-d9740869b2f3,component,03ed05f4-ea70-60cf-04b6-1e444557b6b3,component,2025-04-23T20:16:30.341730,posthog/posthog_fork/README.md
39adb65c-1d2b-a91c-b317-dfdec58c0a79,data_warehouse_service_depends_on_async_migration_service,090a9ce6-ee1b-a49e-293b-1795dd6ca1c7,component,2d975ee6-a46d-00a4-6aef-61f4b4e4a11a,component,2025-04-23T20:16:30.341738,posthog/posthog_fork/README.md
086e9eb1-685e-368d-b725-62089791772a,plugin_vm_depends_on_query_builder_service,2f890722-8a97-b54c-0a99-d9740869b2f3,component,1f7987d0-b56e-7b30-81df-7e421e2d2be2,component,2025-04-23T20:16:30.341746,posthog/posthog_fork/README.md
bc466933-4322-053f-d1ee-00c97053b85d,hogql_service_depends_on_notebook_components,b2b7a571-6084-c563-ba64-cb3d22c1dd6f,component,9fa09542-12cc-cd21-a475-811c74c89038,component,2025-04-23T20:16:30.341753,posthog/posthog_fork/README.md
08809f2c-1384-bd41-ef43-04fed8a8d93f,materialized_columns_service_depends_on_kea_store,e1bdfb22-f0a8-fa9c-ea85-644aacf025d3,component,b3d3d1a2-5bff-4e5e-1fd2-42226383c5d0,component,2025-04-23T20:16:30.341761,posthog/posthog_fork/README.md
ce8239b2-9f12-3f80-1bdb-134de60ba9cd,notebook_components_depends_on_query_editor,9fa09542-12cc-cd21-a475-811c74c89038,component,0531b44a-d3e8-f5c3-9b31-f2c89e4d05bb,component,2025-04-23T20:16:30.341768,posthog/posthog_fork/README.md
ecbcab41-e65a-3970-6d6a-2ab9bdcd8af7,plugin_scheduler_depends_on_materialized_columns_service,601fe84b-df42-86f0-ed9c-a76a71ea4b4a,component,e1bdfb22-f0a8-fa9c-ea85-644aacf025d3,component,2025-04-23T20:16:30.341776,posthog/posthog_fork/README.md
ab54890d-ad78-37a5-35b4-bd8da828ada7,async_migration_service_depends_on_chart_library,2d975ee6-a46d-00a4-6aef-61f4b4e4a11a,component,dbbe55b7-b7f2-a442-fea3-c1c22026a855,component,2025-04-23T20:16:30.341783,posthog/posthog_fork/README.md
38335671-1251-8126-dc0b-2073084b1882,query_editor_depends_on_async_migration_service,0531b44a-d3e8-f5c3-9b31-f2c89e4d05bb,component,2d975ee6-a46d-00a4-6aef-61f4b4e4a11a,component,2025-04-23T20:16:30.341791,posthog/posthog_fork/README.md
71e6005c-1fb1-c445-34dc-15fbc8bac4ba,batch_exports_service_depends_on_kea_store,6a2a617c-026c-7041-f405-2dd216dff2f5,component,b3d3d1a2-5bff-4e5e-1fd2-42226383c5d0,component,2025-04-23T20:16:30.341798,posthog/posthog_fork/README.md
5b25926b-9fb9-8a81-b774-d45bb47b82d3,async_migration_service_depends_on_notebook_components,2d975ee6-a46d-00a4-6aef-61f4b4e4a11a,component,9fa09542-12cc-cd21-a475-811c74c89038,component,2025-04-23T20:16:30.341806,posthog/posthog_fork/README.md
ecbcab41-e65a-3970-6d6a-2ab9bdcd8af7,plugin_scheduler_depends_on_materialized_columns_service,601fe84b-df42-86f0-ed9c-a76a71ea4b4a,component,e1bdfb22-f0a8-fa9c-ea85-644aacf025d3,component,2025-04-23T20:16:30.341813,posthog/posthog_fork/README.md
d73bd6cb-b66d-6c7f-6c6f-50553151edf8,hedgehog_library_depends_on_hogql_service,e0031b98-6d84-b242-5741-cfcdf8a33e97,component,b2b7a571-6084-c563-ba64-cb3d22c1dd6f,component,2025-04-23T20:16:30.341821,posthog/posthog_fork/README.md
e1e970f3-2912-61c3-f373-7fca9616e08e,plugin_vm_depends_on_plugin_scheduler,2f890722-8a97-b54c-0a99-d9740869b2f3,component,601fe84b-df42-86f0-ed9c-a76a71ea4b4a,component,2025-04-23T20:16:30.341828,posthog/posthog_fork/README.md
d73bd6cb-b66d-6c7f-6c6f-50553151edf8,hedgehog_library_depends_on_hogql_service,e0031b98-6d84-b242-5741-cfcdf8a33e97,component,b2b7a571-6084-c563-ba64-cb3d22c1dd6f,component,2025-04-23T20:16:30.341836,posthog/posthog_fork/README.md
