guid,name,creation_timestamp,creation_source,spec_default,spec_description
3508aac2-90fb-61aa-989d-84e869f3ef71,dashboard_enabled_0,2025-04-23T18:44:38.410285,posthog/posthog_fork/frontend/src/lib/constants,true,Flag to control enabled for dashboard
a15da7bd-a833-205b-9fc5-1962ad325218,dashboard_beta_1,2025-04-23T18:44:38.410290,posthog/posthog_fork/frontend/src/lib/constants,false,Flag to control beta for dashboard
2a8165be-6370-0c0b-5a59-7c5bca603fbf,dashboard_preview_2,2025-04-23T18:44:38.410294,posthog/posthog_fork/frontend/src/lib/constants,false,Flag to control preview for dashboard
c4792bad-0020-b117-f7e5-f02f5f0b8554,dashboard_new_ui_3,2025-04-23T18:44:38.410298,posthog/posthog_fork/frontend/src/lib/constants,true,Flag to control new_ui for dashboard
a7811412-0299-3369-cace-e8c08cd16185,dashboard_improved_4,2025-04-23T18:44:38.410302,posthog/posthog_fork/frontend/src/lib/constants,true,Flag to control improved for dashboard
74ab12ed-f65c-7a2c-a548-6c72282fe2d3,dashboard_redesigned_5,2025-04-23T18:44:38.410306,posthog/posthog_fork/frontend/src/lib/constants,true,Flag to control redesigned for dashboard
f5a6ab70-6f4a-59cc-7770-d803e80bcd1a,dashboard_optimized_6,2025-04-23T18:44:38.410310,posthog/posthog_fork/frontend/src/lib/constants,true,Flag to control optimized for dashboard
62fec8f3-229a-e3bb-06a7-f768b6f59163,dashboard_debug_7,2025-04-23T18:44:38.410315,posthog/posthog_fork/frontend/src/lib/constants,false,Flag to control debug for dashboard
7b3b9a24-38b1-2396-53fc-b35ff1d578cd,dashboard_alt_experience_8,2025-04-23T18:44:38.410319,posthog/posthog_fork/frontend/src/lib/constants,true,Flag to control alt_experience for dashboard
ad5acce4-e940-6ddf-abf1-06bd733fea1f,dashboard_simplified_9,2025-04-23T18:44:38.410323,posthog/posthog_fork/frontend/src/lib/constants,true,Flag to control simplified for dashboard
3d36d28d-57be-233b-db20-21895c94e8e1,dashboard_advanced_10,2025-04-23T18:44:38.410327,posthog/posthog_fork/frontend/src/lib/constants,true,Flag to control advanced for dashboard
c67559c5-738d-b7bf-fe64-ad5c7014cdff,dashboard_enterprise_11,2025-04-23T18:44:38.410331,posthog/posthog_fork/frontend/src/lib/constants,true,Flag to control enterprise for dashboard
ae9776e2-197e-771f-c6cf-50824a4cafaf,dashboard_custom_12,2025-04-23T18:44:38.410335,posthog/posthog_fork/frontend/src/lib/constants,true,Flag to control custom for dashboard
8cf7b5a7-a0e2-0e63-d232-61f8c958f0fb,insights_enabled_13,2025-04-23T18:44:38.410339,posthog/posthog_fork/frontend/src/lib/constants,true,Flag to control enabled for insights
7fa1a959-97e2-697b-9ce9-0aadc99b827d,insights_beta_14,2025-04-23T18:44:38.410343,posthog/posthog_fork/frontend/src/lib/constants,false,Flag to control beta for insights
e0f1d0c7-390f-5f56-179c-206772e92f5f,insights_preview_15,2025-04-23T18:44:38.410346,posthog/posthog_fork/frontend/src/lib/constants,false,Flag to control preview for insights
2d5aaf54-1d03-25fa-817e-e755a11363c6,insights_new_ui_16,2025-04-23T18:44:38.410352,posthog/posthog_fork/frontend/src/lib/constants,true,Flag to control new_ui for insights
a9e5d11a-f433-877c-3175-3b41682f4b69,insights_improved_17,2025-04-23T18:44:38.410356,posthog/posthog_fork/frontend/src/lib/constants,true,Flag to control improved for insights
51ade2c7-ec54-f4f3-7feb-fc48927e79c2,insights_redesigned_18,2025-04-23T18:44:38.410360,posthog/posthog_fork/frontend/src/lib/constants,true,Flag to control redesigned for insights
6e435716-3791-ab89-dbc1-5d2a2fd2f395,insights_optimized_19,2025-04-23T18:44:38.410364,posthog/posthog_fork/frontend/src/lib/constants,true,Flag to control optimized for insights
8d63fc18-809e-3aff-2742-7be6d2ba3402,insights_debug_20,2025-04-23T18:44:38.410368,posthog/posthog_fork/frontend/src/lib/constants,false,Flag to control debug for insights
2bb5ba6b-4a09-6544-4db1-bed2ade4e3a7,insights_alt_experience_21,2025-04-23T18:44:38.410373,posthog/posthog_fork/frontend/src/lib/constants,true,Flag to control alt_experience for insights
0a018319-c0d6-7987-d0d9-9985117cd17d,insights_simplified_22,2025-04-23T18:44:38.410377,posthog/posthog_fork/frontend/src/lib/constants,true,Flag to control simplified for insights
82800879-6759-8ced-7e19-c642c58957ff,insights_advanced_23,2025-04-23T18:44:38.410381,posthog/posthog_fork/frontend/src/lib/constants,true,Flag to control advanced for insights
30e48a50-c0b6-898d-bc31-5434ca968bf4,insights_enterprise_24,2025-04-23T18:44:38.410385,posthog/posthog_fork/frontend/src/lib/constants,true,Flag to control enterprise for insights
8fd5ec81-38b7-1c80-6f82-7c122e266862,insights_custom_25,2025-04-23T18:44:38.410389,posthog/posthog_fork/frontend/src/lib/constants,true,Flag to control custom for insights
55666a01-3dfd-0ec6-a065-c688f8f7c072,events_enabled_26,2025-04-23T18:44:38.410393,posthog/posthog_fork/frontend/src/lib/constants,true,Flag to control enabled for events
e00902ee-0d12-ac8c-48fa-66653ae2245a,events_beta_27,2025-04-23T18:44:38.410397,posthog/posthog_fork/frontend/src/lib/constants,false,Flag to control beta for events
568dcab5-65d5-00bc-fb63-e88b98f2d1c4,events_preview_28,2025-04-23T18:44:38.410400,posthog/posthog_fork/frontend/src/lib/constants,false,Flag to control preview for events
840b70ea-75e1-7be9-eecd-d391fc4f6a2f,events_new_ui_29,2025-04-23T18:44:38.410404,posthog/posthog_fork/frontend/src/lib/constants,true,Flag to control new_ui for events
c6d2e3af-f81c-590f-e10e-343323b0b812,events_improved_30,2025-04-23T18:44:38.410409,posthog/posthog_fork/frontend/src/lib/constants,true,Flag to control improved for events
8a923d94-7633-cfc9-99d2-c1b3141fbd8f,events_redesigned_31,2025-04-23T18:44:38.410413,posthog/posthog_fork/frontend/src/lib/constants,true,Flag to control redesigned for events
1a43c485-d8af-073f-f180-794a1ae4fcf8,events_optimized_32,2025-04-23T18:44:38.410416,posthog/posthog_fork/frontend/src/lib/constants,true,Flag to control optimized for events
e465ccf0-d3d0-765a-6c67-ad7b962fc6f5,events_debug_33,2025-04-23T18:44:38.410420,posthog/posthog_fork/frontend/src/lib/constants,false,Flag to control debug for events
57e5def3-6857-b8db-d4ae-59d0d7ea06ff,events_alt_experience_34,2025-04-23T18:44:38.410424,posthog/posthog_fork/frontend/src/lib/constants,true,Flag to control alt_experience for events
8c901b47-3497-2fe1-09f7-cb957472c22c,events_simplified_35,2025-04-23T18:44:38.410428,posthog/posthog_fork/frontend/src/lib/constants,true,Flag to control simplified for events
a9de43f7-6e92-462c-0edc-6cee7108d8df,events_advanced_36,2025-04-23T18:44:38.410431,posthog/posthog_fork/frontend/src/lib/constants,true,Flag to control advanced for events
294b6faa-4094-7aac-ba57-90321f337b0d,events_enterprise_37,2025-04-23T18:44:38.410435,posthog/posthog_fork/frontend/src/lib/constants,true,Flag to control enterprise for events
bd143449-ecc3-c8d8-7ec5-2cd8ed8e7007,events_custom_38,2025-04-23T18:44:38.410439,posthog/posthog_fork/frontend/src/lib/constants,true,Flag to control custom for events
d236a2c5-f20a-e86a-5735-8c069023bfb5,persons_enabled_39,2025-04-23T18:44:38.410442,posthog/posthog_fork/frontend/src/lib/constants,true,Flag to control enabled for persons
e7adbd4a-dc74-9e23-8849-4515f0a1f6ef,persons_beta_40,2025-04-23T18:44:38.410447,posthog/posthog_fork/frontend/src/lib/constants,false,Flag to control beta for persons
3f7f558b-8a7f-f554-5e15-db888cbb77be,persons_preview_41,2025-04-23T18:44:38.410451,posthog/posthog_fork/frontend/src/lib/constants,false,Flag to control preview for persons
d625d185-c26e-a116-931d-00d8bcb368eb,persons_new_ui_42,2025-04-23T18:44:38.410455,posthog/posthog_fork/frontend/src/lib/constants,true,Flag to control new_ui for persons
a239ca54-400c-3543-47c7-93dc05dcba14,persons_improved_43,2025-04-23T18:44:38.410459,posthog/posthog_fork/frontend/src/lib/constants,true,Flag to control improved for persons
97f1e998-d5d7-7fe1-6c5f-2ecd8e000f2e,persons_redesigned_44,2025-04-23T18:44:38.410463,posthog/posthog_fork/frontend/src/lib/constants,true,Flag to control redesigned for persons
f8f6ba1b-e141-e783-71ad-dfc67c449cbe,persons_optimized_45,2025-04-23T18:44:38.410467,posthog/posthog_fork/frontend/src/lib/constants,true,Flag to control optimized for persons
e8929d1c-be8f-38a4-91da-8bc6746cbed7,persons_debug_46,2025-04-23T18:44:38.410470,posthog/posthog_fork/frontend/src/lib/constants,false,Flag to control debug for persons
0b780a36-01d1-a4d8-aa7c-8eab98aed0d2,persons_alt_experience_47,2025-04-23T18:44:38.410474,posthog/posthog_fork/frontend/src/lib/constants,true,Flag to control alt_experience for persons
687fabb8-66d9-86ff-a0ef-f58d4078b3de,persons_simplified_48,2025-04-23T18:44:38.410478,posthog/posthog_fork/frontend/src/lib/constants,true,Flag to control simplified for persons
bd7fb505-7482-d33b-1c35-480bab2cbfab,persons_advanced_49,2025-04-23T18:44:38.410483,posthog/posthog_fork/frontend/src/lib/constants,true,Flag to control advanced for persons
b80dd58c-7302-cb59-f8e0-8f665b4a2ec6,persons_enterprise_50,2025-04-23T18:44:38.410487,posthog/posthog_fork/frontend/src/lib/constants,true,Flag to control enterprise for persons
55880962-6e12-795e-b4e0-11732a328512,persons_custom_51,2025-04-23T18:44:38.410490,posthog/posthog_fork/frontend/src/lib/constants,true,Flag to control custom for persons
58f4a270-3855-ac75-e9b3-9d183ddd245d,feature_flags_enabled_52,2025-04-23T18:44:38.410494,posthog/posthog_fork/frontend/src/lib/constants,true,Flag to control enabled for feature_flags
3bc6d714-e9de-56ad-6267-73d0bb4d4e75,feature_flags_beta_53,2025-04-23T18:44:38.410498,posthog/posthog_fork/frontend/src/lib/constants,false,Flag to control beta for feature_flags
ae889ebc-fe5d-d590-248a-245f852024c4,feature_flags_preview_54,2025-04-23T18:44:38.410502,posthog/posthog_fork/frontend/src/lib/constants,false,Flag to control preview for feature_flags
87b542b0-31ca-011c-88a0-b7fa9ad36c99,feature_flags_new_ui_55,2025-04-23T18:44:38.410505,posthog/posthog_fork/frontend/src/lib/constants,true,Flag to control new_ui for feature_flags
69b3a6b3-025c-096a-4d5c-96e670c7c738,feature_flags_improved_56,2025-04-23T18:44:38.410509,posthog/posthog_fork/frontend/src/lib/constants,true,Flag to control improved for feature_flags
97d67d32-86b3-e19a-6a1e-5696b9c8cf95,feature_flags_redesigned_57,2025-04-23T18:44:38.410513,posthog/posthog_fork/frontend/src/lib/constants,true,Flag to control redesigned for feature_flags
7bd9213a-04b8-0c2e-8903-55c018722e62,feature_flags_optimized_58,2025-04-23T18:44:38.410518,posthog/posthog_fork/frontend/src/lib/constants,true,Flag to control optimized for feature_flags
0ec56b5d-da59-34d7-c71c-7c21d0d5e9d6,feature_flags_debug_59,2025-04-23T18:44:38.410522,posthog/posthog_fork/frontend/src/lib/constants,false,Flag to control debug for feature_flags
e2cb729c-abb6-0c96-b5b7-16f14afd81e5,feature_flags_alt_experience_60,2025-04-23T18:44:38.410525,posthog/posthog_fork/frontend/src/lib/constants,true,Flag to control alt_experience for feature_flags
56bf6d9c-c755-fac5-737e-3c936dfa0bf0,feature_flags_simplified_61,2025-04-23T18:44:38.410529,posthog/posthog_fork/frontend/src/lib/constants,true,Flag to control simplified for feature_flags
3c946c4d-2823-789d-6300-63f98a3d0b99,feature_flags_advanced_62,2025-04-23T18:44:38.410533,posthog/posthog_fork/frontend/src/lib/constants,true,Flag to control advanced for feature_flags
b3cebd6a-5099-381c-7b5e-6e5ab2584446,feature_flags_enterprise_63,2025-04-23T18:44:38.410537,posthog/posthog_fork/frontend/src/lib/constants,true,Flag to control enterprise for feature_flags
f1633e79-7fc7-27fc-e0f5-7dd5418a79f8,feature_flags_custom_64,2025-04-23T18:44:38.410541,posthog/posthog_fork/frontend/src/lib/constants,true,Flag to control custom for feature_flags
3a4bc74a-2842-a4f2-a8ac-b4a8e0f80dc2,experiments_enabled_65,2025-04-23T18:44:38.410544,posthog/posthog_fork/frontend/src/lib/constants,true,Flag to control enabled for experiments
af91f859-76f0-1eb2-002b-3a41f9262aa4,experiments_beta_66,2025-04-23T18:44:38.410548,posthog/posthog_fork/frontend/src/lib/constants,false,Flag to control beta for experiments
9f1c5c85-8bc5-7e12-229c-6b4eb011774e,experiments_preview_67,2025-04-23T18:44:38.410553,posthog/posthog_fork/frontend/src/lib/constants,false,Flag to control preview for experiments
415bbb12-7f28-876a-02f3-3e2012a29cec,experiments_new_ui_68,2025-04-23T18:44:38.410564,posthog/posthog_fork/frontend/src/lib/constants,true,Flag to control new_ui for experiments
90933721-1899-e57b-0766-063942dfc1a2,experiments_improved_69,2025-04-23T18:44:38.410568,posthog/posthog_fork/frontend/src/lib/constants,true,Flag to control improved for experiments
dd957d87-3eec-900e-bffb-95efac21b485,experiments_redesigned_70,2025-04-23T18:44:38.410571,posthog/posthog_fork/frontend/src/lib/constants,true,Flag to control redesigned for experiments
da053aa9-d3bd-d959-b076-d5a2d047bd78,experiments_optimized_71,2025-04-23T18:44:38.410575,posthog/posthog_fork/frontend/src/lib/constants,true,Flag to control optimized for experiments
e285c8ef-7beb-2d8d-1caf-fbe733bc7b87,experiments_debug_72,2025-04-23T18:44:38.410580,posthog/posthog_fork/frontend/src/lib/constants,false,Flag to control debug for experiments
260fc67b-ddfd-b9d2-f604-723db245b9ad,experiments_alt_experience_73,2025-04-23T18:44:38.410584,posthog/posthog_fork/frontend/src/lib/constants,true,Flag to control alt_experience for experiments
1d4066d1-e737-1942-8a09-279f251c2441,experiments_simplified_74,2025-04-23T18:44:38.410587,posthog/posthog_fork/frontend/src/lib/constants,true,Flag to control simplified for experiments
ed57f511-755e-59fe-bbf4-9bba29fdcda3,experiments_advanced_75,2025-04-23T18:44:38.410591,posthog/posthog_fork/frontend/src/lib/constants,true,Flag to control advanced for experiments
f9060b58-2137-7e9d-0164-c1e77509c02e,experiments_enterprise_76,2025-04-23T18:44:38.410595,posthog/posthog_fork/frontend/src/lib/constants,true,Flag to control enterprise for experiments
ae3caf6d-5eb8-621d-bc4c-8c89573973fe,experiments_custom_77,2025-04-23T18:44:38.410599,posthog/posthog_fork/frontend/src/lib/constants,true,Flag to control custom for experiments
ddcfb620-7634-522e-8b89-7317d2fcd48f,recordings_enabled_78,2025-04-23T18:44:38.410603,posthog/posthog_fork/frontend/src/lib/constants,true,Flag to control enabled for recordings
216f071a-fb61-de1b-4ebb-fe9d807b5f32,recordings_beta_79,2025-04-23T18:44:38.410606,posthog/posthog_fork/frontend/src/lib/constants,false,Flag to control beta for recordings
079b1377-f176-781f-e3ab-49087015bce5,recordings_preview_80,2025-04-23T18:44:38.410610,posthog/posthog_fork/frontend/src/lib/constants,false,Flag to control preview for recordings
f2936016-5d71-360b-d08a-875536e25b76,recordings_new_ui_81,2025-04-23T18:44:38.410614,posthog/posthog_fork/frontend/src/lib/constants,true,Flag to control new_ui for recordings
0530cc4a-7080-d262-3245-b6a676743190,recordings_improved_82,2025-04-23T18:44:38.410620,posthog/posthog_fork/frontend/src/lib/constants,true,Flag to control improved for recordings
b39ebb0f-a691-1b6b-307c-c10b21c2d099,recordings_redesigned_83,2025-04-23T18:44:38.410624,posthog/posthog_fork/frontend/src/lib/constants,true,Flag to control redesigned for recordings
0ee01f0f-5195-a091-adfc-c0ce18bd2492,recordings_optimized_84,2025-04-23T18:44:38.410627,posthog/posthog_fork/frontend/src/lib/constants,true,Flag to control optimized for recordings
92dc7df8-95c0-6687-f6b4-6951bb248883,recordings_debug_85,2025-04-23T18:44:38.410631,posthog/posthog_fork/frontend/src/lib/constants,false,Flag to control debug for recordings
22db0fbf-f230-6e33-50c3-59b741bc2c15,recordings_alt_experience_86,2025-04-23T18:44:38.410635,posthog/posthog_fork/frontend/src/lib/constants,true,Flag to control alt_experience for recordings
37b29374-528c-bda0-280f-6cf80a580258,recordings_simplified_87,2025-04-23T18:44:38.410639,posthog/posthog_fork/frontend/src/lib/constants,true,Flag to control simplified for recordings
9295dade-26f3-ee1f-ecf5-474deeb9137d,recordings_advanced_88,2025-04-23T18:44:38.410642,posthog/posthog_fork/frontend/src/lib/constants,true,Flag to control advanced for recordings
bb0005a5-8012-fa19-4f0a-2f8ab4448f47,recordings_enterprise_89,2025-04-23T18:44:38.410646,posthog/posthog_fork/frontend/src/lib/constants,true,Flag to control enterprise for recordings
fa69a642-8f6c-f0e1-558d-a3ebab725f30,recordings_custom_90,2025-04-23T18:44:38.410649,posthog/posthog_fork/frontend/src/lib/constants,true,Flag to control custom for recordings
8eae1b07-92d3-e2e7-2dc3-f3bc2b1fc232,surveys_enabled_91,2025-04-23T18:44:38.410653,posthog/posthog_fork/frontend/src/lib/constants,true,Flag to control enabled for surveys
cb2f3f33-1d5c-302a-241f-8337587996b1,surveys_beta_92,2025-04-23T18:44:38.410658,posthog/posthog_fork/frontend/src/lib/constants,false,Flag to control beta for surveys
d94a2940-f313-906c-d75e-7f90acd4aeab,surveys_preview_93,2025-04-23T18:44:38.410662,posthog/posthog_fork/frontend/src/lib/constants,false,Flag to control preview for surveys
93890174-bccf-77ee-abb4-2c2f1f55bac1,surveys_new_ui_94,2025-04-23T18:44:38.410666,posthog/posthog_fork/frontend/src/lib/constants,true,Flag to control new_ui for surveys
c497729c-7991-9456-0384-8a79bdbf4007,surveys_improved_95,2025-04-23T18:44:38.410670,posthog/posthog_fork/frontend/src/lib/constants,true,Flag to control improved for surveys
af86d3e7-bbb5-8ee4-c3d3-63733b27c9ab,surveys_redesigned_96,2025-04-23T18:44:38.410674,posthog/posthog_fork/frontend/src/lib/constants,true,Flag to control redesigned for surveys
ae41264d-a58e-4ead-dac8-ba5bf157d061,surveys_optimized_97,2025-04-23T18:44:38.410677,posthog/posthog_fork/frontend/src/lib/constants,true,Flag to control optimized for surveys
da86014c-c6de-03b4-f4b0-d4d4f74dc9c1,surveys_debug_98,2025-04-23T18:44:38.410681,posthog/posthog_fork/frontend/src/lib/constants,false,Flag to control debug for surveys
7e143a20-487e-cdb0-207e-36cec4cceb79,surveys_alt_experience_99,2025-04-23T18:44:38.410686,posthog/posthog_fork/frontend/src/lib/constants,true,Flag to control alt_experience for surveys
0d3dfcc8-0b83-fe96-6cdc-d8f6e549cd39,surveys_simplified_100,2025-04-23T18:44:38.410690,posthog/posthog_fork/frontend/src/lib/constants,true,Flag to control simplified for surveys
4664d62e-2bf8-b565-1047-301494b692ba,surveys_advanced_101,2025-04-23T18:44:38.410693,posthog/posthog_fork/frontend/src/lib/constants,true,Flag to control advanced for surveys
9d04ad37-209c-e2e6-9ec7-912d5d31c1ae,surveys_enterprise_102,2025-04-23T18:44:38.410697,posthog/posthog_fork/frontend/src/lib/constants,true,Flag to control enterprise for surveys
643f3275-77b6-b253-f6c3-63f022d29525,surveys_custom_103,2025-04-23T18:44:38.410701,posthog/posthog_fork/frontend/src/lib/constants,true,Flag to control custom for surveys
e781fff6-623a-9cf0-7bb8-58f0f586fdf4,data_warehouse_enabled_104,2025-04-23T18:44:38.410705,posthog/posthog_fork/frontend/src/lib/constants,true,Flag to control enabled for data_warehouse
eaf45158-d8be-5f10-c829-4ace13527e1a,data_warehouse_beta_105,2025-04-23T18:44:38.410709,posthog/posthog_fork/frontend/src/lib/constants,false,Flag to control beta for data_warehouse
ba07a4a2-a26e-ad80-7b02-55cbd72e864f,data_warehouse_preview_106,2025-04-23T18:44:38.410712,posthog/posthog_fork/frontend/src/lib/constants,false,Flag to control preview for data_warehouse
f7aa04ca-093c-dead-bff4-239f4ff74990,data_warehouse_new_ui_107,2025-04-23T18:44:38.410716,posthog/posthog_fork/frontend/src/lib/constants,true,Flag to control new_ui for data_warehouse
0e142271-f1e9-ac8a-d206-faf16ee39337,data_warehouse_improved_108,2025-04-23T18:44:38.410722,posthog/posthog_fork/frontend/src/lib/constants,true,Flag to control improved for data_warehouse
558e0e89-2c0f-cd24-29ab-7d6b7e678ad0,data_warehouse_redesigned_109,2025-04-23T18:44:38.410726,posthog/posthog_fork/frontend/src/lib/constants,true,Flag to control redesigned for data_warehouse
0a0434cf-8431-a423-a885-3fae07b02241,data_warehouse_optimized_110,2025-04-23T18:44:38.410730,posthog/posthog_fork/frontend/src/lib/constants,true,Flag to control optimized for data_warehouse
9f0c13f8-0f21-2e4f-fb4a-31b894762e72,data_warehouse_debug_111,2025-04-23T18:44:38.410734,posthog/posthog_fork/frontend/src/lib/constants,false,Flag to control debug for data_warehouse
b0a1c405-79d3-992e-f218-8e79e6b6b62a,data_warehouse_alt_experience_112,2025-04-23T18:44:38.410737,posthog/posthog_fork/frontend/src/lib/constants,true,Flag to control alt_experience for data_warehouse
9c82f2a1-1f4c-aba4-a248-62966deb8df8,data_warehouse_simplified_113,2025-04-23T18:44:38.410741,posthog/posthog_fork/frontend/src/lib/constants,true,Flag to control simplified for data_warehouse
c2e88206-6c59-02ed-f351-5866caf9a18c,data_warehouse_advanced_114,2025-04-23T18:44:38.410745,posthog/posthog_fork/frontend/src/lib/constants,true,Flag to control advanced for data_warehouse
4ec55e33-6554-012c-1ace-7b7215d353a8,data_warehouse_enterprise_115,2025-04-23T18:44:38.410748,posthog/posthog_fork/frontend/src/lib/constants,true,Flag to control enterprise for data_warehouse
f08187bf-9eee-c689-c325-46143f6a37a6,data_warehouse_custom_116,2025-04-23T18:44:38.410752,posthog/posthog_fork/frontend/src/lib/constants,true,Flag to control custom for data_warehouse
9f16474f-1595-9110-2ef8-5919424d4d17,batch_exports_enabled_117,2025-04-23T18:44:38.410756,posthog/posthog_fork/frontend/src/lib/constants,true,Flag to control enabled for batch_exports
37a2579c-e28d-fa7e-27be-8495ca2f7b3b,batch_exports_beta_118,2025-04-23T18:44:38.410761,posthog/posthog_fork/frontend/src/lib/constants,false,Flag to control beta for batch_exports
f46cff4e-9b6e-78da-ed78-a09d19a59bdf,batch_exports_preview_119,2025-04-23T18:44:38.410765,posthog/posthog_fork/frontend/src/lib/constants,false,Flag to control preview for batch_exports
a43199d6-ed84-baa6-18be-bbaec581d666,batch_exports_new_ui_120,2025-04-23T18:44:38.410769,posthog/posthog_fork/frontend/src/lib/constants,true,Flag to control new_ui for batch_exports
1f296cbb-ac5c-6aac-6a6a-0f4f35afdc2e,batch_exports_improved_121,2025-04-23T18:44:38.410772,posthog/posthog_fork/frontend/src/lib/constants,true,Flag to control improved for batch_exports
73cde86f-77d3-bbdd-c4b6-b08fc0a14d29,batch_exports_redesigned_122,2025-04-23T18:44:38.410776,posthog/posthog_fork/frontend/src/lib/constants,true,Flag to control redesigned for batch_exports
ae0e4ecb-506e-a42c-5656-46d01f53b8fb,batch_exports_optimized_123,2025-04-23T18:44:38.410780,posthog/posthog_fork/frontend/src/lib/constants,true,Flag to control optimized for batch_exports
274a91d0-4adb-c778-6894-944edfbc0fcc,batch_exports_debug_124,2025-04-23T18:44:38.410785,posthog/posthog_fork/frontend/src/lib/constants,false,Flag to control debug for batch_exports
cc5440bb-bc76-938a-d431-c3c535c93ba0,batch_exports_alt_experience_125,2025-04-23T18:44:38.410789,posthog/posthog_fork/frontend/src/lib/constants,true,Flag to control alt_experience for batch_exports
b8cf101a-2704-8d0d-8183-403a603f1660,batch_exports_simplified_126,2025-04-23T18:44:38.410792,posthog/posthog_fork/frontend/src/lib/constants,true,Flag to control simplified for batch_exports
644890f7-7e60-d5f0-ea46-f78087dde3d1,batch_exports_advanced_127,2025-04-23T18:44:38.410796,posthog/posthog_fork/frontend/src/lib/constants,true,Flag to control advanced for batch_exports
c41c52e7-9835-6845-beb0-08bd80be09bd,batch_exports_enterprise_128,2025-04-23T18:44:38.410800,posthog/posthog_fork/frontend/src/lib/constants,true,Flag to control enterprise for batch_exports
5133147f-cc5a-9d50-85b3-f849544ba463,batch_exports_custom_129,2025-04-23T18:44:38.410804,posthog/posthog_fork/frontend/src/lib/constants,true,Flag to control custom for batch_exports
5dea4330-c342-70d1-555a-d2e55594b9af,hedgehog_enabled_130,2025-04-23T18:44:38.410808,posthog/posthog_fork/frontend/src/lib/constants,true,Flag to control enabled for hedgehog
d307cc7f-6609-f1cc-2ddb-1de9829f671c,hedgehog_beta_131,2025-04-23T18:44:38.410811,posthog/posthog_fork/frontend/src/lib/constants,false,Flag to control beta for hedgehog
9501615a-fc78-527b-18ee-9db2563aaf1c,hedgehog_preview_132,2025-04-23T18:44:38.410815,posthog/posthog_fork/frontend/src/lib/constants,false,Flag to control preview for hedgehog
351649d5-2f9d-e1a9-242e-ef4baf93dcd7,hedgehog_new_ui_133,2025-04-23T18:44:38.410819,posthog/posthog_fork/frontend/src/lib/constants,true,Flag to control new_ui for hedgehog
4baff56c-a58b-b342-ab11-a55ef38d943e,hedgehog_improved_134,2025-04-23T18:44:38.410824,posthog/posthog_fork/frontend/src/lib/constants,true,Flag to control improved for hedgehog
44052382-a2f9-de32-02c4-9e8659349e80,hedgehog_redesigned_135,2025-04-23T18:44:38.410828,posthog/posthog_fork/frontend/src/lib/constants,true,Flag to control redesigned for hedgehog
43f2601c-78c8-e924-9a3f-27a2b520af54,hedgehog_optimized_136,2025-04-23T18:44:38.410832,posthog/posthog_fork/frontend/src/lib/constants,true,Flag to control optimized for hedgehog
9c12d341-84b2-8629-da31-34c151f65ffe,hedgehog_debug_137,2025-04-23T18:44:38.410836,posthog/posthog_fork/frontend/src/lib/constants,false,Flag to control debug for hedgehog
8283585c-0da4-3dac-a1df-af9b33b03d8e,hedgehog_alt_experience_138,2025-04-23T18:44:38.410840,posthog/posthog_fork/frontend/src/lib/constants,true,Flag to control alt_experience for hedgehog
9608fb67-4d06-faef-1aa9-d3e7f4ae5641,hedgehog_simplified_139,2025-04-23T18:44:38.410843,posthog/posthog_fork/frontend/src/lib/constants,true,Flag to control simplified for hedgehog
d976f915-8004-d09c-05ee-27cbb0971104,hedgehog_advanced_140,2025-04-23T18:44:38.410847,posthog/posthog_fork/frontend/src/lib/constants,true,Flag to control advanced for hedgehog
474bfa00-7497-5a12-0950-63410aa1df5f,hedgehog_enterprise_141,2025-04-23T18:44:38.410851,posthog/posthog_fork/frontend/src/lib/constants,true,Flag to control enterprise for hedgehog
72613eaa-a112-9d45-7fc8-95cd1a01b6c2,hedgehog_custom_142,2025-04-23T18:44:38.410854,posthog/posthog_fork/frontend/src/lib/constants,true,Flag to control custom for hedgehog
3bdd5937-7873-7b42-c940-ca270020cc09,notebook_enabled_143,2025-04-23T18:44:38.410858,posthog/posthog_fork/frontend/src/lib/constants,true,Flag to control enabled for notebook
229a2109-fc17-3549-b22a-d7365e7c5e59,notebook_beta_144,2025-04-23T18:44:38.410864,posthog/posthog_fork/frontend/src/lib/constants,false,Flag to control beta for notebook
c39a77a8-165f-a584-b723-14a0f40529c0,notebook_preview_145,2025-04-23T18:44:38.410868,posthog/posthog_fork/frontend/src/lib/constants,false,Flag to control preview for notebook
70aa65b6-78a9-822d-5cb2-9b8f6a125744,notebook_new_ui_146,2025-04-23T18:44:38.410871,posthog/posthog_fork/frontend/src/lib/constants,true,Flag to control new_ui for notebook
6fccbc05-ac7f-df56-42a1-7ef066e408ab,notebook_improved_147,2025-04-23T18:44:38.410875,posthog/posthog_fork/frontend/src/lib/constants,true,Flag to control improved for notebook
979c1ad1-00d0-2bc5-33b7-8cfe9a38d942,notebook_redesigned_148,2025-04-23T18:44:38.410879,posthog/posthog_fork/frontend/src/lib/constants,true,Flag to control redesigned for notebook
16df2b0c-befe-22df-91b8-3222cd5530fd,notebook_optimized_149,2025-04-23T18:44:38.410882,posthog/posthog_fork/frontend/src/lib/constants,true,Flag to control optimized for notebook
6707b4be-bec6-6cf2-aa4d-7d5fac3787b1,notebook_debug_150,2025-04-23T18:44:38.410888,posthog/posthog_fork/frontend/src/lib/constants,false,Flag to control debug for notebook
2e57fab4-cdb1-e1e2-8b66-8bf8ac982c1b,notebook_alt_experience_151,2025-04-23T18:44:38.410892,posthog/posthog_fork/frontend/src/lib/constants,true,Flag to control alt_experience for notebook
f77f4bbd-bb92-f110-1149-df0f1290a26b,notebook_simplified_152,2025-04-23T18:44:38.410895,posthog/posthog_fork/frontend/src/lib/constants,true,Flag to control simplified for notebook
d02f1f09-f386-75dd-39f6-9b2a31f9468d,notebook_advanced_153,2025-04-23T18:44:38.410899,posthog/posthog_fork/frontend/src/lib/constants,true,Flag to control advanced for notebook
8b2d0e06-40ed-33f5-2ff2-c5a4146b2898,notebook_enterprise_154,2025-04-23T18:44:38.410903,posthog/posthog_fork/frontend/src/lib/constants,true,Flag to control enterprise for notebook
8cda3dc8-e040-c113-5cd7-1e92fb5e54f3,notebook_custom_155,2025-04-23T18:44:38.410906,posthog/posthog_fork/frontend/src/lib/constants,true,Flag to control custom for notebook
76b2138f-aa86-f020-9f96-9e2ae3e26133,authentication_enabled_156,2025-04-23T18:44:38.410910,posthog/posthog_fork/frontend/src/lib/constants,true,Flag to control enabled for authentication
85bf4539-855e-d8ef-19a8-e1f3187e379b,authentication_beta_157,2025-04-23T18:44:38.410914,posthog/posthog_fork/frontend/src/lib/constants,false,Flag to control beta for authentication
1e578027-e984-3ba4-a3a2-32e344fb35af,authentication_preview_158,2025-04-23T18:44:38.410918,posthog/posthog_fork/frontend/src/lib/constants,false,Flag to control preview for authentication
1e57f33d-1e0e-6bd0-db7b-4bae847d60ca,authentication_new_ui_159,2025-04-23T18:44:38.410922,posthog/posthog_fork/frontend/src/lib/constants,true,Flag to control new_ui for authentication
f43d6630-76b0-0b8c-fe46-bf7bc80d0258,authentication_improved_160,2025-04-23T18:44:38.410926,posthog/posthog_fork/frontend/src/lib/constants,true,Flag to control improved for authentication
05809f76-5b06-ba56-bb4c-7b239b21bb40,authentication_redesigned_161,2025-04-23T18:44:38.410930,posthog/posthog_fork/frontend/src/lib/constants,true,Flag to control redesigned for authentication
ca12da3c-5c2f-dfd6-2545-7ade3103bfa4,authentication_optimized_162,2025-04-23T18:44:38.410934,posthog/posthog_fork/frontend/src/lib/constants,true,Flag to control optimized for authentication
3d1c06a7-f930-4732-0f83-b4f2b0d9e9f9,authentication_debug_163,2025-04-23T18:44:38.410937,posthog/posthog_fork/frontend/src/lib/constants,false,Flag to control debug for authentication
23a205a0-fd72-fc41-743c-4f7c083e9234,authentication_alt_experience_164,2025-04-23T18:44:38.410941,posthog/posthog_fork/frontend/src/lib/constants,true,Flag to control alt_experience for authentication
8d3cbd70-321c-6b36-1c4c-2e91ec0984b0,authentication_simplified_165,2025-04-23T18:44:38.410945,posthog/posthog_fork/frontend/src/lib/constants,true,Flag to control simplified for authentication
67906bc9-3544-054e-b70b-95ddb02c00b9,authentication_advanced_166,2025-04-23T18:44:38.410948,posthog/posthog_fork/frontend/src/lib/constants,true,Flag to control advanced for authentication
c639cfd1-3f6c-aa92-9340-1e27624b9877,authentication_enterprise_167,2025-04-23T18:44:38.410952,posthog/posthog_fork/frontend/src/lib/constants,true,Flag to control enterprise for authentication
ba0e45cf-54b0-cfb0-26bb-daf185050060,authentication_custom_168,2025-04-23T18:44:38.410957,posthog/posthog_fork/frontend/src/lib/constants,true,Flag to control custom for authentication
c8069f8e-9739-acfa-0aae-58e6d7643364,billing_enabled_169,2025-04-23T18:44:38.410961,posthog/posthog_fork/frontend/src/lib/constants,true,Flag to control enabled for billing
674f9130-8038-4021-cbb9-283f53c64766,billing_beta_170,2025-04-23T18:44:38.410965,posthog/posthog_fork/frontend/src/lib/constants,false,Flag to control beta for billing
bad4383e-dd3f-5d7c-3d46-7967e42e5838,billing_preview_171,2025-04-23T18:44:38.410968,posthog/posthog_fork/frontend/src/lib/constants,false,Flag to control preview for billing
104cea14-4cf5-8d4f-1530-1ceee1f7a589,billing_new_ui_172,2025-04-23T18:44:38.410972,posthog/posthog_fork/frontend/src/lib/constants,true,Flag to control new_ui for billing
8b27f0b4-ee4a-d279-fcaf-6901959fd0dd,billing_improved_173,2025-04-23T18:44:38.410976,posthog/posthog_fork/frontend/src/lib/constants,true,Flag to control improved for billing
5b753136-b35b-a3a2-8a7c-1765bad1e780,billing_redesigned_174,2025-04-23T18:44:38.410979,posthog/posthog_fork/frontend/src/lib/constants,true,Flag to control redesigned for billing
2f035ecc-a04a-076d-86d8-46ee9603058b,billing_optimized_175,2025-04-23T18:44:38.410983,posthog/posthog_fork/frontend/src/lib/constants,true,Flag to control optimized for billing
ad58624c-b35c-64f9-c7f4-d827a0dc2157,billing_debug_176,2025-04-23T18:44:38.410988,posthog/posthog_fork/frontend/src/lib/constants,false,Flag to control debug for billing
bc97c2e0-ed59-db4b-3cc0-5b22b856e79a,billing_alt_experience_177,2025-04-23T18:44:38.410992,posthog/posthog_fork/frontend/src/lib/constants,true,Flag to control alt_experience for billing
86baf29f-fcda-6511-e2ee-2f5247d13499,billing_simplified_178,2025-04-23T18:44:38.410996,posthog/posthog_fork/frontend/src/lib/constants,true,Flag to control simplified for billing
3f8b1fe7-a97c-e99f-9b05-b760c0567459,billing_advanced_179,2025-04-23T18:44:38.410999,posthog/posthog_fork/frontend/src/lib/constants,true,Flag to control advanced for billing
c80ee301-9538-226a-528d-17a74ed8daa5,billing_enterprise_180,2025-04-23T18:44:38.411003,posthog/posthog_fork/frontend/src/lib/constants,true,Flag to control enterprise for billing
53000449-08c4-5255-e39b-b092a53ac254,billing_custom_181,2025-04-23T18:44:38.411006,posthog/posthog_fork/frontend/src/lib/constants,true,Flag to control custom for billing
3a44b748-ece1-bce7-8597-f8cbb69cdbe0,onboarding_enabled_182,2025-04-23T18:44:38.411010,posthog/posthog_fork/frontend/src/lib/constants,true,Flag to control enabled for onboarding
09080b01-af36-4aae-1af4-e19d87f47d42,onboarding_beta_183,2025-04-23T18:44:38.411014,posthog/posthog_fork/frontend/src/lib/constants,false,Flag to control beta for onboarding
d357a759-97f8-19e8-6870-64e603b8f16f,onboarding_preview_184,2025-04-23T18:44:38.411018,posthog/posthog_fork/frontend/src/lib/constants,false,Flag to control preview for onboarding
54cb324e-6f67-fc6c-10f8-f6def600e240,onboarding_new_ui_185,2025-04-23T18:44:38.411031,posthog/posthog_fork/frontend/src/lib/constants,true,Flag to control new_ui for onboarding
be49f514-23ce-b4bd-7922-8da82e1e6a9d,onboarding_improved_186,2025-04-23T18:44:38.411036,posthog/posthog_fork/frontend/src/lib/constants,true,Flag to control improved for onboarding
b6da27e5-22eb-f086-4eec-07767de1de31,onboarding_redesigned_187,2025-04-23T18:44:38.411040,posthog/posthog_fork/frontend/src/lib/constants,true,Flag to control redesigned for onboarding
88e86ca7-e695-407c-c18c-7a4569e2da30,onboarding_optimized_188,2025-04-23T18:44:38.411044,posthog/posthog_fork/frontend/src/lib/constants,true,Flag to control optimized for onboarding
43e223f2-4414-2e66-8e01-10ef6544f91e,onboarding_debug_189,2025-04-23T18:44:38.411048,posthog/posthog_fork/frontend/src/lib/constants,false,Flag to control debug for onboarding
c9bb5c3c-c8dc-7712-854b-21ad4e360d65,onboarding_alt_experience_190,2025-04-23T18:44:38.411051,posthog/posthog_fork/frontend/src/lib/constants,true,Flag to control alt_experience for onboarding
2407d64e-a875-e5d1-c5a9-db8bc198c70b,onboarding_simplified_191,2025-04-23T18:44:38.411056,posthog/posthog_fork/frontend/src/lib/constants,true,Flag to control simplified for onboarding
84cd0586-22a0-2a6e-ee8b-43731a2c7b0c,onboarding_advanced_192,2025-04-23T18:44:38.411060,posthog/posthog_fork/frontend/src/lib/constants,true,Flag to control advanced for onboarding
eb455d73-ed93-5bfa-4a61-c202f61be7c2,onboarding_enterprise_193,2025-04-23T18:44:38.411064,posthog/posthog_fork/frontend/src/lib/constants,true,Flag to control enterprise for onboarding
35eee39a-7956-37ad-c42d-8f2d02c86a5e,onboarding_custom_194,2025-04-23T18:44:38.411068,posthog/posthog_fork/frontend/src/lib/constants,true,Flag to control custom for onboarding
f9787283-4c51-8a79-60e1-574d8a53b570,notifications_enabled_195,2025-04-23T18:44:38.411071,posthog/posthog_fork/frontend/src/lib/constants,true,Flag to control enabled for notifications
17bbee3b-94c4-5235-0ab9-79232873be84,notifications_beta_196,2025-04-23T18:44:38.411075,posthog/posthog_fork/frontend/src/lib/constants,false,Flag to control beta for notifications
183b83b6-59fd-5ef7-523c-f171c13229c5,notifications_preview_197,2025-04-23T18:44:38.411080,posthog/posthog_fork/frontend/src/lib/constants,false,Flag to control preview for notifications
14788320-db76-6bf2-8934-9396e670dba7,notifications_new_ui_198,2025-04-23T18:44:38.411084,posthog/posthog_fork/frontend/src/lib/constants,true,Flag to control new_ui for notifications
e76195ab-054e-53b8-51e3-f48f2b378c9a,notifications_improved_199,2025-04-23T18:44:38.411088,posthog/posthog_fork/frontend/src/lib/constants,true,Flag to control improved for notifications
